Segment,total_profit
Consumer,132669.77519999977
Corporate,90366.3009000002
"Home Office",59821.678100000085
