Region,Category,total_sales
Central,Technology,170401.5319999999
Central,"Office Supplies",164616.19700000016
Central,Furniture,162783.14380000005
East,Technology,264872.08300000033
East,Furniture,205540.34800000011
East,"Office Supplies",201781.62299999985
South,Technology,148730.52399999992
South,"Office Supplies",123979.92499999993
South,Furniture,116273.1360000001
West,Technology,251895.92799999993
West,Furniture,248450.23350000026
West,"Office Supplies",213125.18300000002
