"Ship Mode",total_sales
"Standard Class",1342260.1939999827
"Second Class",453341.8504
"First Class",349494.8469
"Same Day",127352.96500000001
